radius_inlet	radius_outlet	metal_angle_inlet	metal_angle_outlet	bld_thick_inlet	bld_thick_outlet
0.071907	0.075137	0.527057	-0.014389	0.000967	0.000828
0.071910	0.075140	0.534807	0.014392	0.000967	0.000828
0.071920	0.075150	0.534879	-0.014389	0.000968	0.000828
0.071953	0.075182	0.534952	0.000000	0.000968	0.000828
0.072061	0.075288	0.535314	0.028770	0.000968	0.000828
0.072418	0.075637	0.550457	0.028763	0.000968	0.000828
0.073599	0.076781	0.554980	0.129336	0.000970	0.000829
0.074780	0.077925	0.560651	0.258540	0.000971	0.000830
0.075962	0.079069	0.581663	0.459505	0.000973	0.000831
0.077143	0.080213	0.624826	0.660027	0.000974	0.000832
0.078325	0.081357	0.661339	0.918261	0.000976	0.000832
0.079507	0.082501	0.696019	1.205445	0.000978	0.000833
0.080688	0.083644	0.737705	1.521024	0.000979	0.000834
0.081870	0.084788	0.805022	1.894334	0.000981	0.000835
0.083052	0.085931	0.858999	2.283151	0.000982	0.000835
0.084234	0.087075	0.922246	2.699682	0.000984	0.000836
0.085416	0.088218	1.000148	3.118480	0.000985	0.000837
0.086598	0.089361	1.064333	3.565579	0.000987	0.000837
0.087781	0.090505	1.156069	4.057958	0.000989	0.000838
0.088963	0.091648	1.240102	4.535497	0.000990	0.000839
0.090145	0.092791	1.351754	4.984698	0.000992	0.000840
0.091328	0.093934	1.418463	5.448519	0.000993	0.000841
0.092510	0.095077	1.504759	5.869600	0.000995	0.000841
0.093693	0.096221	1.602362	6.260698	0.000996	0.000842
0.094876	0.097364	1.679810	6.621542	0.000998	0.000843
0.096058	0.098507	1.778711	6.983973	0.001000	0.000844
0.097241	0.099650	1.833527	7.330281	0.001001	0.000845
0.098424	0.100793	1.912468	7.617457	0.001003	0.000846
0.099607	0.101936	1.992278	7.916654	0.001004	0.000847
0.100790	0.103079	2.062548	8.229634	0.001006	0.000848
0.101973	0.104222	2.140703	8.469031	0.001007	0.000849
0.103156	0.105365	2.193145	8.740709	0.001009	0.000850
0.104340	0.106508	2.284729	8.979332	0.001011	0.000851
0.105523	0.107651	2.350815	9.257611	0.001012	0.000852
0.106706	0.108794	2.392312	9.554010	0.001014	0.000853
0.107890	0.109937	2.471465	9.830937	0.001015	0.000853
0.109073	0.111080	2.522868	10.123669	0.001017	0.000854
0.110257	0.112223	2.589122	10.382554	0.001018	0.000855
0.111441	0.113366	2.625965	10.643246	0.001020	0.000856
0.112625	0.114509	2.683989	10.867299	0.001021	0.000857
0.113808	0.115652	2.737346	11.112544	0.001023	0.000858
0.114992	0.116795	2.785240	11.340467	0.001024	0.000859
0.116176	0.117938	2.835590	11.551007	0.001026	0.000860
0.117360	0.119082	2.885396	11.752191	0.001027	0.000860
0.118544	0.120225	2.918382	11.958203	0.001029	0.000861
0.119728	0.121368	2.968483	12.138891	0.001030	0.000862
0.120912	0.122511	2.997253	12.335663	0.001032	0.000863
0.122097	0.123655	3.035366	12.518177	0.001033	0.000864
0.123281	0.124798	3.063029	12.686522	0.001035	0.000864
0.124465	0.125942	3.080747	12.871112	0.001036	0.000865
0.125649	0.127085	3.099250	13.028072	0.001038	0.000866
0.126833	0.128229	3.132465	13.171110	0.001039	0.000867
0.128018	0.129373	3.129679	13.350564	0.001041	0.000868
0.129202	0.130516	3.121055	13.485989	0.001042	0.000869
0.130387	0.131660	3.136538	13.638058	0.001044	0.000869
0.131571	0.132804	3.142086	13.837172	0.001045	0.000870
0.132756	0.133948	3.131364	14.015989	0.001047	0.000871
0.133940	0.135092	3.099492	14.188150	0.001048	0.000872
0.135125	0.136236	3.106277	14.343683	0.001050	0.000873
0.136309	0.137380	3.091795	14.472472	0.001051	0.000874
0.137494	0.138524	3.059383	14.597982	0.001053	0.000875
0.138678	0.139669	3.014469	14.693774	0.001054	0.000875
0.139863	0.140813	3.000045	14.772766	0.001056	0.000876
0.141048	0.141957	2.938930	14.842024	0.001057	0.000877
0.142232	0.143102	2.893376	14.887125	0.001059	0.000878
0.143417	0.144246	2.855797	14.982014	0.001060	0.000879
0.144602	0.145391	2.829139	15.032562	0.001062	0.000879
0.145786	0.146536	2.786755	15.109035	0.001063	0.000880
0.146971	0.147680	2.742611	15.187762	0.001065	0.000881
0.148156	0.148825	2.711266	15.220946	0.001066	0.000881
0.149341	0.149970	2.697191	15.273352	0.001068	0.000882
0.150526	0.151115	2.645854	15.327706	0.001069	0.000883
0.151711	0.152260	2.616190	15.393441	0.001071	0.000883
0.152896	0.153405	2.590636	15.421255	0.001072	0.000884
0.154081	0.154550	2.542914	15.460385	0.001074	0.000885
0.155266	0.155695	2.521932	15.478837	0.001075	0.000885
0.156451	0.156840	2.479337	15.508437	0.001077	0.000886
0.157636	0.157985	2.451717	15.521286	0.001079	0.000887
0.158821	0.159131	2.421023	15.541595	0.001080	0.000887
0.160006	0.160276	2.412972	15.526188	0.001082	0.000888
0.161191	0.161422	2.380768	15.513156	0.001083	0.000888
0.162376	0.162567	2.367028	15.492914	0.001085	0.000889
0.163561	0.163713	2.342692	15.462248	0.001086	0.000889
0.164747	0.164858	2.322636	15.426718	0.001088	0.000890
0.165932	0.166004	2.331602	15.402816	0.001089	0.000891
0.167117	0.167150	2.320043	15.395549	0.001091	0.000891
0.168302	0.168295	2.304224	15.377729	0.001092	0.000892
0.169488	0.169441	2.315931	15.361228	0.001093	0.000893
0.169846	0.169790	2.314071	15.360064	0.001094	0.000893
0.169954	0.169896	2.307162	15.353598	0.001094	0.000893
0.169987	0.169929	2.306931	15.353598	0.001094	0.000893
0.169997	0.169938	2.306931	15.353598	0.001094	0.000893
0.170000	0.169941	2.312214	15.353598	0.001094	0.000893
